Renamed: 0-Sopra_Formation_Cadrage_et_con -> 0-Sopra_Formation_Cadrage_et_con.zip
Renamed: 03122016_process_prioritization_ -> 03122016_process_prioritization_.xlsx
Renamed: 0568b731d14f9da54ed8b9fa3e41c2cc -> 0568b731d14f9da54ed8b9fa3e41c2cc.jpg
Renamed: 0f19dd1f-146b-3c4b-af4b-ef16f8aa -> 0f19dd1f-146b-3c4b-af4b-ef16f8aa.jpg
Renamed: 16r-cheval-de-lourdes-Espelugues -> 16r-cheval-de-lourdes-Espelugues.jpg
Renamed: 18ee5f14-3bc3-3b64-9d10-f77c71cf -> 18ee5f14-3bc3-3b64-9d10-f77c71cf.jpg
Renamed: 1c833f7e-03ac-38ce-94e8-2a95ce1d -> 1c833f7e-03ac-38ce-94e8-2a95ce1d.jpg
Renamed: 2-Sopra_Formation_Cadrage_et_con -> 2-Sopra_Formation_Cadrage_et_con.zip
Renamed: 2015_les_fondamentaux_du_secteur -> 2015_les_fondamentaux_du_secteur.pptx
Renamed: 2018_03_14_Quaterly_update_conso -> 2018_03_14_Quaterly_update_conso.pptx
Renamed: 20d09c52e9c0676af7ca4b71a0b07ac7 -> 20d09c52e9c0676af7ca4b71a0b07ac7.jpg
Renamed: 248b52e2257e832e33c3cd3a99a856f2 -> 248b52e2257e832e33c3cd3a99a856f2.jpg
Renamed: 26ce56fe05968727072907d639b0a56a -> 26ce56fe05968727072907d639b0a56a.jpg
Renamed: 29216bc48905ae3c0917c7c1bc5dfec9 -> 29216bc48905ae3c0917c7c1bc5dfec9.jpg
Impossible de déterminer l'extension pour 29bea0d6-4d8c-4d4f-93a5-34d3fcf9
Renamed: 2bdaffee041c5a91de6f2fb2a71809ec -> 2bdaffee041c5a91de6f2fb2a71809ec.jpg
Renamed: 2c1401b3d2c065dc3db6b1a612e948c0 -> 2c1401b3d2c065dc3db6b1a612e948c0.jpg
Renamed: 2e474c29c0cdee55a82b993f10ef4601 -> 2e474c29c0cdee55a82b993f10ef4601.jpg
Renamed: 30df75abb2bd1b54d95c2446f8a40825 -> 30df75abb2bd1b54d95c2446f8a40825.jpg
Renamed: 34448f7b6ce13f901ad37cbae9414725 -> 34448f7b6ce13f901ad37cbae9414725.png
Renamed: 35e7dd8702e18419d265fcff9b88796c -> 35e7dd8702e18419d265fcff9b88796c.gif
Impossible de déterminer l'extension pour 3804e9b3-3151-3af7-8b80-628dfaf9
Renamed: 381e024b75d2bed74c0895c41bf0cb32 -> 381e024b75d2bed74c0895c41bf0cb32.jpg
Renamed: 3ce5d128e9a200d24688d9568ea1a2d7 -> 3ce5d128e9a200d24688d9568ea1a2d7.jpg
Renamed: 400a031153cabba570440a8cd9704262 -> 400a031153cabba570440a8cd9704262.gif
Renamed: 4081463 -> 4081463.png
Renamed: 42a1de5758fead2355de305203cbe938 -> 42a1de5758fead2355de305203cbe938.jpg
Renamed: 44903537 -> 44903537.png
Renamed: 486f7934e9bfdbc661c7f29cbf1b75d5 -> 486f7934e9bfdbc661c7f29cbf1b75d5.jpg
Renamed: 4b2bfd8e48657f3b87febdbbd341eaa1 -> 4b2bfd8e48657f3b87febdbbd341eaa1.jpg
Renamed: 4f17f130f0d0e3bd4a6687d1c9b9473d -> 4f17f130f0d0e3bd4a6687d1c9b9473d.gif
Renamed: 4f9871ca-0280-3fde-b98d-b7fa08ad -> 4f9871ca-0280-3fde-b98d-b7fa08ad.jpg
Renamed: 53f4dc7ade683a0431eec9c83a975d9e -> 53f4dc7ade683a0431eec9c83a975d9e.jpg
Renamed: 53fdd19f366ff15be06fc496897c27eb -> 53fdd19f366ff15be06fc496897c27eb.jpg
Renamed: 58852691-1cafda00-86b5-11e9-9de4 -> 58852691-1cafda00-86b5-11e9-9de4.png
Renamed: 58852693-1cafda00-86b5-11e9-9982 -> 58852693-1cafda00-86b5-11e9-9982.png
Renamed: 5f11956fc85a75b2977610dfc4660aa4 -> 5f11956fc85a75b2977610dfc4660aa4.jpg
Impossible de déterminer l'extension pour 60d98d91-744d-41ab-b780-d5dd01c5
Renamed: 65ed9b39a30cf48532d160bdb9525ccc -> 65ed9b39a30cf48532d160bdb9525ccc.gif
Renamed: 6816237d-6e50-3b4c-bb7c-45b13dc5 -> 6816237d-6e50-3b4c-bb7c-45b13dc5.jpg
Impossible de déterminer l'extension pour 69211e3b-4ec2-406e-9d7f-42462dfc
Impossible de déterminer l'extension pour 7677e40d-da8d-4cc0-bd43-beb7dab6
Renamed: 783bce3396067dcf84da337f47283747 -> 783bce3396067dcf84da337f47283747.gif
Renamed: 78f169b9-6d6f-3687-8007-187eda1d -> 78f169b9-6d6f-3687-8007-187eda1d.jpg
Impossible de déterminer l'extension pour 7be15cc6-da3d-448b-b8f4-72abad8f
Impossible de déterminer l'extension pour 7e3ad5bf-e0eb-4067-9a54-dbf8bb14
Renamed: 7f3dbb8fcf138df8941818b7f0076aac -> 7f3dbb8fcf138df8941818b7f0076aac.jpg
Impossible de déterminer l'extension pour 7fa25ea6-573d-4465-ab58-ad62e802
Renamed: 7_1_Becoming-a-more-strategic-pr -> 7_1_Becoming-a-more-strategic-pr.png
Renamed: 810638ca87dc9264ec7738ee2e469143 -> 810638ca87dc9264ec7738ee2e469143.jpg
Renamed: 82139479_849133765499495_7640595 -> 82139479_849133765499495_7640595.jpg
Renamed: 87caaa03c69a0f2fa55557c793540040 -> 87caaa03c69a0f2fa55557c793540040.png
Renamed: 8dd214bc-55ba-37df-9502-588b450c -> 8dd214bc-55ba-37df-9502-588b450c.jpg
Impossible de déterminer l'extension pour 8e16f23e-83c7-3d62-aa1a-14ef4c76
Renamed: 9026d13c-b99f-3b2f-8af2-44ef6e32 -> 9026d13c-b99f-3b2f-8af2-44ef6e32.jpg
Renamed: 906d38cc3f2de341b5f5a500d9871bfe -> 906d38cc3f2de341b5f5a500d9871bfe.png
Renamed: 91504548_211247586852563_7811041 -> 91504548_211247586852563_7811041.jpg
Renamed: 945ee20b2b7b9de03d0a5b894cde28d3 -> 945ee20b2b7b9de03d0a5b894cde28d3.jpg
Renamed: 9af7d589b88b9fa45ff90adcdebddb0e -> 9af7d589b88b9fa45ff90adcdebddb0e.gif
Renamed: 9ba84fac-d067-38d2-98f8-eb7efea1 -> 9ba84fac-d067-38d2-98f8-eb7efea1.jpg
Renamed: a652bdb47dca8e7dd0d5218b15b5ac5d -> a652bdb47dca8e7dd0d5218b15b5ac5d.jpg
Renamed: a930d1c85a0db758f9ab0e88274435e3 -> a930d1c85a0db758f9ab0e88274435e3.gif
Impossible de déterminer l'extension pour aa87233e-b779-4218-aaa8-bea12d6e
Renamed: abb10a763d0edf05367abaff1e511975 -> abb10a763d0edf05367abaff1e511975.jpg
Renamed: Adresses_faire-part_naissance_Ti -> Adresses_faire-part_naissance_Ti.xlsx
Renamed: AG-11-statue-anthropomorphe-d_-A -> AG-11-statue-anthropomorphe-d_-A.jpg
Renamed: Alain_Souchon_-_Foule_Sentimenta -> Alain_Souchon_-_Foule_Sentimenta.pptx
Renamed: attachment -> attachment.jpg
Renamed: b0359fb056ec7cc7c7a2ce9f3f1529aa -> b0359fb056ec7cc7c7a2ce9f3f1529aa.png
Renamed: b0c49b21d61ff50c8f5f87140ff841d3 -> b0c49b21d61ff50c8f5f87140ff841d3.gif
Impossible de déterminer l'extension pour b1960204-8e6e-32e0-a417-8551c35b
Renamed: b77b0542-9555-321f-9ad9-5b36a153 -> b77b0542-9555-321f-9ad9-5b36a153.jpg
Renamed: Backup_site_Montessori_2019_09_2 -> Backup_site_Montessori_2019_09_2.zip
Renamed: batch-cooking-printemps-7-500x50 -> batch-cooking-printemps-7-500x50.jpg
Renamed: batch-cooking-printemps-8-ingred -> batch-cooking-printemps-8-ingred.jpg
Renamed: batch-cooking-printemps-8-prepar -> batch-cooking-printemps-8-prepar.jpg
Renamed: bcee32c59c5ade8f810e3ead0e09b69a -> bcee32c59c5ade8f810e3ead0e09b69a.jpg
Renamed: be5b5b4e-db94-3d99-83e2-dc2c931b -> be5b5b4e-db94-3d99-83e2-dc2c931b.png
Renamed: Big-Data-Principles-and-best-pra -> Big-Data-Principles-and-best-pra.epub
Renamed: Bilan_mission_Abdellatif_Azzerri -> Bilan_mission_Abdellatif_Azzerri.xls
Renamed: Bob_Dylan_-_KNOCKIN__ON_HEAVEN_S -> Bob_Dylan_-_KNOCKIN__ON_HEAVEN_S.pptx
Renamed: BPACA_Entretien_Fin_de_mission_C -> BPACA_Entretien_Fin_de_mission_C.docx
Renamed: B_D_-__tude_et_recos_-_20160705_ -> B_D_-__tude_et_recos_-_20160705_.pptx
Renamed: c0d42ec7-581e-39ff-99a4-3e62623c -> c0d42ec7-581e-39ff-99a4-3e62623c.jpg
Renamed: c47f94864b0bf010689d755bac59147d -> c47f94864b0bf010689d755bac59147d.jpg
Renamed: c69538c9479b639998a021bda3175cb3 -> c69538c9479b639998a021bda3175cb3.png
Renamed: c7dc3587047fa6bc8df45b3df111376c -> c7dc3587047fa6bc8df45b3df111376c.jpg
Renamed: Capture-d_E2_80_99e_CC_81cran-20 -> Capture-d_E2_80_99e_CC_81cran-20.png
Renamed: Capture-d_E2_80_99e_CC_81cran-20-1 -> Capture-d_E2_80_99e_CC_81cran-20-1.png
Renamed: Capture-d_E2_80_99e_CC_81cran-20-2 -> Capture-d_E2_80_99e_CC_81cran-20-2.png
Renamed: Compte-rendu_Entretiens_PAP_Sopr -> Compte-rendu_Entretiens_PAP_Sopr.xls
Impossible de déterminer l'extension pour Convaincre_en_moins_de_2_minutes
Renamed: Couts_SACENDA_-_ParentsEmployeur -> Couts_SACENDA_-_ParentsEmployeur.xlsx
Renamed: Couts_SACENDA_-_ParentsEmployeur-1 -> Couts_SACENDA_-_ParentsEmployeur-1.xlsx
Renamed: Cr_dit_Immo_-_Simulateur_standar -> Cr_dit_Immo_-_Simulateur_standar.xlsx
Renamed: Cyril_Sacenda_-_nb_heures_de_cod -> Cyril_Sacenda_-_nb_heures_de_cod.xlsx
Renamed: d1406497d608096161c9480b53ac7eae -> d1406497d608096161c9480b53ac7eae.jpg
Renamed: d2046c15ca7113539304334854610721 -> d2046c15ca7113539304334854610721.jpg
Impossible de déterminer l'extension pour d233b1d0-7b12-32d4-8c88-1ae61531
Renamed: d4d54357838cb1f7a8470a1a99c93e20 -> d4d54357838cb1f7a8470a1a99c93e20.png
Renamed: d69e2753974e4cae13e4d4085cb9d162 -> d69e2753974e4cae13e4d4085cb9d162.png
Renamed: d7c076ce7e3a5a4c8393b12e70266f45 -> d7c076ce7e3a5a4c8393b12e70266f45.jpg
Renamed: d96005745543b3790886be76cd33017c -> d96005745543b3790886be76cd33017c.jpg
Renamed: db07045c5bd1d9493b9f9b3fa770c036 -> db07045c5bd1d9493b9f9b3fa770c036.jpg
Renamed: Demande_autorisation_Secu_Depart -> Demande_autorisation_Secu_Depart.docx
Renamed: Demande_autorisation_Secu_Depart-1 -> Demande_autorisation_Secu_Depart-1.docx
Renamed: Digitalisation_des_actes_de_gest -> Digitalisation_des_actes_de_gest.pptx
Renamed: Dossier_Appartement_Lea_DOS_SANT -> Dossier_Appartement_Lea_DOS_SANT.zip
Renamed: Dossier_Locataire_Camille_Moison -> Dossier_Locataire_Camille_Moison.zip
Impossible de déterminer l'extension pour e-carnet-de-maternelle_Charles_S
Impossible de déterminer l'extension pour e-carnet-de-maternelle_Tiphaine_
Renamed: e1309ce67cc22058332684bbed8f404b -> e1309ce67cc22058332684bbed8f404b.mp3
Renamed: e327f2071c69ea879f0e945c7ee03d54 -> e327f2071c69ea879f0e945c7ee03d54.gif
Renamed: e36623a4deee8f2e1880b0787dd2994c -> e36623a4deee8f2e1880b0787dd2994c.gif
Renamed: e6b28ed31d5e08d768d0b14b77738e86 -> e6b28ed31d5e08d768d0b14b77738e86.jpg
Renamed: e6cd88db-55d8-3f47-8933-339841d9 -> e6cd88db-55d8-3f47-8933-339841d9.jpg
Renamed: eab85b9322aea2017c0a21bd9dec8387 -> eab85b9322aea2017c0a21bd9dec8387.gif
Renamed: ed5ca908-0b33-366a-9f60-79b43b76 -> ed5ca908-0b33-366a-9f60-79b43b76.png
Impossible de déterminer l'extension pour ed901dc9-af91-374b-90f1-cf2d040a
Renamed: Entretiens_de_restitution_-Cycle -> Entretiens_de_restitution_-Cycle.pptx
Renamed: Entretien_Fin_de_mission_Cyril_S -> Entretien_Fin_de_mission_Cyril_S.docx
Renamed: Entretien_Fin_de_mission_Cyril_S-1 -> Entretien_Fin_de_mission_Cyril_S-1.docx
Renamed: etude_des_opcvm_pour_integration -> etude_des_opcvm_pour_integration.doc
Renamed: f140420c-7732-3ba3-ab7e-1fc3f21d -> f140420c-7732-3ba3-ab7e-1fc3f21d.jpg
Renamed: f1aa6aec-9260-3f4a-92f3-d2fafebd -> f1aa6aec-9260-3f4a-92f3-d2fafebd.jpg
Renamed: f4c76c8c71d8f6ee28acc2c51c106120 -> f4c76c8c71d8f6ee28acc2c51c106120.gif
Impossible de déterminer l'extension pour f8d208b1-6005-3f71-be9d-ceb710dc
Renamed: fa3d45ed399a978a1aafec46929dcf2c -> fa3d45ed399a978a1aafec46929dcf2c.jpg
Renamed: Facture_Elecson_Enceintes___ampl -> Facture_Elecson_Enceintes___ampl.jpg
Renamed: Facture_Proforma_avec_lots_1-2-3 -> Facture_Proforma_avec_lots_1-2-3.xlsx
Renamed: fb5dd888cee1f000d7305b480e695957 -> fb5dd888cee1f000d7305b480e695957.jpg
Renamed: fd39b02a2341f41a539eafd57668dadd -> fd39b02a2341f41a539eafd57668dadd.jpg
Renamed: fd3b0678cba994fdfb8ba0b0c5f953d1 -> fd3b0678cba994fdfb8ba0b0c5f953d1.jpg
Renamed: Fiche__valuation_Nassim_TILIOUIN -> Fiche__valuation_Nassim_TILIOUIN.xlsx
Renamed: Formulaire_PAP_Sopra_Steria_El_M -> Formulaire_PAP_Sopra_Steria_El_M.xls
Impossible de déterminer l'extension pour Front_End_Checklist-followed-bri
Renamed: gif -> gif.gif
Renamed: Github_AI_Projects_for_Industry -> Github_AI_Projects_for_Industry.xlsx
Renamed: Gnocchis-a-la-carbonara-recette- -> Gnocchis-a-la-carbonara-recette-.jpg
Renamed: i38881-mini-quiches-aux-oignons- -> i38881-mini-quiches-aux-oignons-.jpg
Renamed: i79174-recette-pintade-rotie-ail -> i79174-recette-pintade-rotie-ail.jpg
Impossible de déterminer l'extension pour id_rsa_open_ssh_no_pass
Renamed: IMG_2333_modif_-_Blanc_dern_peti -> IMG_2333_modif_-_Blanc_dern_peti.jpg
Renamed: IMG_2333_modif_-_Blanc_dern_peti-1 -> IMG_2333_modif_-_Blanc_dern_peti-1.jpg
Renamed: import-passwords-in-google-chrom -> import-passwords-in-google-chrom.png
Renamed: ITIM_ASI_INO_-_Blockchain_Market -> ITIM_ASI_INO_-_Blockchain_Market.pptx
Renamed: Kermesse_Ecole_Pape_Cl_ment_-_Sy -> Kermesse_Ecole_Pape_Cl_ment_-_Sy.xlsx
Renamed: Lettre_Ecole_Pessac_Jeanne_d_Arc -> Lettre_Ecole_Pessac_Jeanne_d_Arc.docx
Renamed: Lettre_Ecole_Pessac_Jeanne_d_Arc-1 -> Lettre_Ecole_Pessac_Jeanne_d_Arc-1.docx
Renamed: Lettre_Ecole_Pessac_Jeanne_d_Arc-2 -> Lettre_Ecole_Pessac_Jeanne_d_Arc-2.docx
Renamed: Lettre_Ecole_Pessac_Jeanne_d_Arc-3 -> Lettre_Ecole_Pessac_Jeanne_d_Arc-3.docx
Renamed: Lettre_Ecole_Pessac_Jeanne_d_Arc-4 -> Lettre_Ecole_Pessac_Jeanne_d_Arc-4.docx
Renamed: Lettre_Elu_avec_acte_naissance_e -> Lettre_Elu_avec_acte_naissance_e.docx
Renamed: Lettre_fin_de_CDI_Laetitia_MOSCA -> Lettre_fin_de_CDI_Laetitia_MOSCA.doc
Renamed: Lettre_fin_de_CDI_Mariama_Meaume -> Lettre_fin_de_CDI_Mariama_Meaume.doc
Renamed: Lettre_fin_de_CDI_Mariama_Meaume-1 -> Lettre_fin_de_CDI_Mariama_Meaume-1.doc
Renamed: Lettre_motivation_marie_merignac -> Lettre_motivation_marie_merignac.docx
Renamed: Lettre_motivation_marie_merignac-1 -> Lettre_motivation_marie_merignac-1.docx
Renamed: Lettre_motivation_marie_merignac-2 -> Lettre_motivation_marie_merignac-2.docx
Renamed: Lettre_S_cu_avec_acte_naissance -> Lettre_S_cu_avec_acte_naissance.docx
Renamed: mindmap_conflit_isrealo_palesini -> mindmap_conflit_isrealo_palesini.jpg
Renamed: mindmap_meilleure_facon_de_mange -> mindmap_meilleure_facon_de_mange.jpg
Renamed: Mod_le_de_cahier_des_charges_fon -> Mod_le_de_cahier_des_charges_fon.docx
Renamed: Neuflize_OBC_lance_la_premi_re_v -> Neuflize_OBC_lance_la_premi_re_v.mp4
Renamed: ngcb1 -> ngcb1.webp
Renamed: NOBC_-_App_mobile_-_Pr_sentation -> NOBC_-_App_mobile_-_Pr_sentation.pptx
Renamed: NOBC_-_App_mobile_-_Transfert_de -> NOBC_-_App_mobile_-_Transfert_de.pptx
Renamed: NOBC_-_App_Mobile_MVP1_-_Actions -> NOBC_-_App_Mobile_MVP1_-_Actions.xlsx
Renamed: NOBC_-_Organizational_chart_SSG -> NOBC_-_Organizational_chart_SSG.pptx
Renamed: NOBC_-_Template_calcul_indicateu -> NOBC_-_Template_calcul_indicateu.zip
Renamed: NOBC_BDV2_-_Mobile_App_local_sce -> NOBC_BDV2_-_Mobile_App_local_sce.pptx
Renamed: Nouveau_document_2017-05-24_(1)_ -> Nouveau_document_2017-05-24_(1)_.jpg
Renamed: Nouveau_document_2017-05-24_(1)_-1 -> Nouveau_document_2017-05-24_(1)_-1.jpg
Renamed: Nouveau_document_2017-05-24_(1)_-10 -> Nouveau_document_2017-05-24_(1)_-10.jpg
Renamed: Nouveau_document_2017-05-24_(1)_-11 -> Nouveau_document_2017-05-24_(1)_-11.jpg
Renamed: Nouveau_document_2017-05-24_(1)_-2 -> Nouveau_document_2017-05-24_(1)_-2.jpg
Renamed: Nouveau_document_2017-05-24_(1)_-3 -> Nouveau_document_2017-05-24_(1)_-3.jpg
Renamed: Nouveau_document_2017-05-24_(1)_-4 -> Nouveau_document_2017-05-24_(1)_-4.jpg
Renamed: Nouveau_document_2017-05-24_(1)_-5 -> Nouveau_document_2017-05-24_(1)_-5.jpg
Renamed: Nouveau_document_2017-05-24_(1)_-6 -> Nouveau_document_2017-05-24_(1)_-6.jpg
Renamed: Nouveau_document_2017-05-24_(1)_-7 -> Nouveau_document_2017-05-24_(1)_-7.jpg
Renamed: Nouveau_document_2017-05-24_(1)_-8 -> Nouveau_document_2017-05-24_(1)_-8.jpg
Renamed: Nouveau_document_2017-05-24_(1)_-9 -> Nouveau_document_2017-05-24_(1)_-9.jpg
Renamed: NWM_-_CEX_Digitalisation_des_act -> NWM_-_CEX_Digitalisation_des_act.xlsx
Renamed: NWM_-_Digitalisaton_des_actes_de -> NWM_-_Digitalisaton_des_actes_de.pptx
Renamed: NWM_-_Digitalisaton_des_actes_de-1 -> NWM_-_Digitalisaton_des_actes_de-1.pptx
Renamed: Offre_d_achat_-_LE_GUELLEC_-_SAC -> Offre_d_achat_-_LE_GUELLEC_-_SAC.rtf
Renamed: Offre_d_achat_-_LE_GUELLEC_-_SAC-1 -> Offre_d_achat_-_LE_GUELLEC_-_SAC-1.rtf
Renamed: Offre_d_achat_-_LE_GUELLEC_-_SAC-2 -> Offre_d_achat_-_LE_GUELLEC_-_SAC-2.rtf
Renamed: Offre_d_achat_-_LE_GUELLEC_-_SAC-4 -> Offre_d_achat_-_LE_GUELLEC_-_SAC-4.rtf
Renamed: Offre_d_achat_-_LE_GUELLEC_-_SAC-5 -> Offre_d_achat_-_LE_GUELLEC_-_SAC-5.rtf
Renamed: Parampara-Tikka-Masala-Sandra-Pa -> Parampara-Tikka-Masala-Sandra-Pa.jpg
Impossible de déterminer l'extension pour pk_openssh
Renamed: presentation_formation_technique -> presentation_formation_technique.ppt
Renamed: process_arbitrage_en_cours_de_r_ -> process_arbitrage_en_cours_de_r_.xlsx
Renamed: Product_Launch_Checklist_PMLoop -> Product_Launch_Checklist_PMLoop.xlsx
Renamed: Projet_Digital_-_processus_de_d_ -> Projet_Digital_-_processus_de_d_.pptx
Renamed: recette-assiette-cretoise-500x50 -> recette-assiette-cretoise-500x50.jpg
Renamed: Reconnaissance_de_dette_Cyril_10-1 -> Reconnaissance_de_dette_Cyril_10-1.docx
Renamed: Reconnaissance_de_dette_Cyril_25-1 -> Reconnaissance_de_dette_Cyril_25-1.docx
Renamed: RNFetchBlobTmp_0zprp1ty9z3llh687 -> RNFetchBlobTmp_0zprp1ty9z3llh687.jpg
Renamed: RNFetchBlobTmp_1jdz9s82rnsepfk0z -> RNFetchBlobTmp_1jdz9s82rnsepfk0z.jpg
Renamed: RNFetchBlobTmp_2etdbu2jl1cc7y3j6 -> RNFetchBlobTmp_2etdbu2jl1cc7y3j6.jpg
Renamed: RNFetchBlobTmp_2nji1l9dievzbhdj3 -> RNFetchBlobTmp_2nji1l9dievzbhdj3.jpg
Renamed: RNFetchBlobTmp_7jift1gxbd8k59u46 -> RNFetchBlobTmp_7jift1gxbd8k59u46.jpg
Renamed: RNFetchBlobTmp_bj6umxhnfg18ff495 -> RNFetchBlobTmp_bj6umxhnfg18ff495.jpg
Renamed: RNFetchBlobTmp_egg1kzbcwyx3k69py -> RNFetchBlobTmp_egg1kzbcwyx3k69py.jpg
Renamed: RNFetchBlobTmp_hot04afobfszew4tp -> RNFetchBlobTmp_hot04afobfszew4tp.jpg
Renamed: RNFetchBlobTmp_j1gaylgqxwheki3r6 -> RNFetchBlobTmp_j1gaylgqxwheki3r6.jpg
Renamed: RNFetchBlobTmp_klrry5zs1nplgvhxx -> RNFetchBlobTmp_klrry5zs1nplgvhxx.jpg
Renamed: RNFetchBlobTmp_knh0ciqec298wex6g -> RNFetchBlobTmp_knh0ciqec298wex6g.jpg
Renamed: RNFetchBlobTmp_o7tnba2ftpeqrwl1c -> RNFetchBlobTmp_o7tnba2ftpeqrwl1c.jpg
Renamed: RNFetchBlobTmp_t1e1ytoqth8ig6h6t -> RNFetchBlobTmp_t1e1ytoqth8ig6h6t.jpg
Renamed: RNFetchBlobTmp_tzp0fyx7kgij74l61 -> RNFetchBlobTmp_tzp0fyx7kgij74l61.jpg
Renamed: RNFetchBlobTmp_ucfdmxgziak26pm2p -> RNFetchBlobTmp_ucfdmxgziak26pm2p.png
Renamed: RNFetchBlobTmp_unj3ioyluihfzf8sf -> RNFetchBlobTmp_unj3ioyluihfzf8sf.jpg
Renamed: RNFetchBlobTmp_v3wdqjgaujkaaa61s -> RNFetchBlobTmp_v3wdqjgaujkaaa61s.jpg
Renamed: RNFetchBlobTmp_w6cu8c2nhxip8gkt3 -> RNFetchBlobTmp_w6cu8c2nhxip8gkt3.jpg
Renamed: RNFetchBlobTmp_wnq98lcytqq9xx57r -> RNFetchBlobTmp_wnq98lcytqq9xx57r.jpg
Renamed: RNFetchBlobTmp_xgmruazp047d4xr8b -> RNFetchBlobTmp_xgmruazp047d4xr8b.jpg
Renamed: RNFetchBlobTmp_xrha5pb5h14dv7m74 -> RNFetchBlobTmp_xrha5pb5h14dv7m74.jpg
Renamed: R_glement_int_rieur_colocation_C -> R_glement_int_rieur_colocation_C.doc
Renamed: R_glement_int_rieur_colocation_C-1 -> R_glement_int_rieur_colocation_C-1.doc
Renamed: screenshot_20191206-201650_chrom -> screenshot_20191206-201650_chrom.jpg
Renamed: screenshot_20191206-201657_chrom -> screenshot_20191206-201657_chrom.jpg
Renamed: screenshot_20191206-201706_chrom -> screenshot_20191206-201706_chrom.jpg
Renamed: screenshot_20200103-185145_chrom -> screenshot_20200103-185145_chrom.jpg
Renamed: screenshot_20200402-100730_youtu -> screenshot_20200402-100730_youtu.jpg
Renamed: Self-Portrait_shaving_with_refle -> Self-Portrait_shaving_with_refle.jpg
Renamed: Simulateur_Immo_CSA_appart_4_cha -> Simulateur_Immo_CSA_appart_4_cha.xlsx
Renamed: Sopra_-_Formation_Product_Owner_ -> Sopra_-_Formation_Product_Owner_.pptx
Renamed: Sopra_-_Formation_Scrum_Master_v -> Sopra_-_Formation_Scrum_Master_v.pptx
Renamed: Sopra_Steria_-Formulaire_Objecti -> Sopra_Steria_-Formulaire_Objecti.xlsx
Renamed: Sopra_Steria_BP1818Fronting_Digi -> Sopra_Steria_BP1818Fronting_Digi.pptx
Renamed: SSG_-_Bilan_mission_Abdellatif_A -> SSG_-_Bilan_mission_Abdellatif_A.xls
Renamed: SSG_-_Bilan_mission_Filipe_DUART -> SSG_-_Bilan_mission_Filipe_DUART.xls
Renamed: SSG_-_Bilan_mission_Jeremy_AUBRY -> SSG_-_Bilan_mission_Jeremy_AUBRY.xls
Renamed: SSG_-_Bilan_mission_Mohamed_Bouh -> SSG_-_Bilan_mission_Mohamed_Bouh.xls
Renamed: SSG_-_Bilan_mission_Mohamed_El_F -> SSG_-_Bilan_mission_Mohamed_El_F.xls
Renamed: SSG_-_Fiche_bilan_fin_parcours_s -> SSG_-_Fiche_bilan_fin_parcours_s.xlsx
Renamed: SSG_-_Fiche_bilan_mi_parcours_st -> SSG_-_Fiche_bilan_mi_parcours_st.xlsx
Renamed: STATUTS_IT-FI_CONSEIL-16-10-2018 -> STATUTS_IT-FI_CONSEIL-16-10-2018.doc
Renamed: Talan_-_CV_Cyril_SACENDA-_052019 -> Talan_-_CV_Cyril_SACENDA-_052019.pptx
Renamed: Talan_-_CV_Cyril_SACENDA_-_12201 -> Talan_-_CV_Cyril_SACENDA_-_12201.docx
Renamed: Talan_-_CV_Loic_Lemoine_-_052019 -> Talan_-_CV_Loic_Lemoine_-_052019.pptx
Renamed: The_Animals_-_House_of_the_risin-1 -> The_Animals_-_House_of_the_risin-1.pptx
Renamed: The_Unwritten_Laws_of_Business_- -> The_Unwritten_Laws_of_Business_-.epub
Renamed: Tomate_reine_de_l_27_C3_A9t_C3_A -> Tomate_reine_de_l_27_C3_A9t_C3_A.jpg
Renamed: Tomate_reine_de_l_27_C3_A9t_C3_A-1 -> Tomate_reine_de_l_27_C3_A9t_C3_A-1.jpg
Renamed: Tracy_Chapman_-_Talkin__about_a_-1 -> Tracy_Chapman_-_Talkin__about_a_-1.pptx
Renamed: TS-57304415-rasage-comme-chez-le -> TS-57304415-rasage-comme-chez-le.jpg
Renamed: WhatsApp_Image_2017-06-05_at_23 -> WhatsApp_Image_2017-06-05_at_23.jpg
Renamed: x111205_photos_natl_most_shoplif -> x111205_photos_natl_most_shoplif.webp